{"cameraMode":{"drawMode":0,"name":"Shaded","section":"Shading Mode"},"sceneLighting":true,"audioPlay":false,"sceneViewState":{"showFog":true,"showMaterialUpdate":false,"showSkybox":true,"showFlares":true,"showImageEffects":true,"showParticleSystems":true},"in2DMode":false,"pivot":{"x":574.1832885742188,"y":511.8033447265625,"z":-62.82354736328125},"rotation":{"x":0.01768943853676319,"y":-0.0009026263724081218,"z":-0.000015980775060597807,"w":-0.9998429417610169},"size":336.0008850097656,"orthographic":false}